#{"t_start": 1659446148.0617285, "env_id": "MsPacmanNoFrameskip-v4"}
r,l,t
2040.0,3978,75.922422
4720.0,5938,186.835809
5050.0,6194,320.302771
2100.0,3562,385.052314
4070.0,5370,479.151112
1280.0,2610,547.866418
1280.0,2594,594.281998
2350.0,3698,659.522856
1490.0,2818,714.172863
1510.0,3586,791.372926
1280.0,2522,837.452379
1460.0,2426,876.273611
1110.0,2162,920.84357
740.0,1906,950.395294
