#{"t_start": 1659446150.2826922, "env_id": "MsPacmanNoFrameskip-v4"}
r,l,t
5460.0,6250,119.046197
3780.0,5554,214.158447
3030.0,4154,317.424094
1620.0,3442,374.718968
4000.0,6386,516.447131
1650.0,2914,564.301243
1220.0,2818,618.63611
1500.0,3946,685.121101
1480.0,2834,752.05023
1140.0,2146,789.578044
2800.0,2794,836.876296
1280.0,3314,900.590165
1350.0,2978,955.995965
