#{"t_start": 1659446152.2067678, "env_id": "MsPacmanNoFrameskip-v4"}
r,l,t
2890.0,5050,90.678671
5890.0,6458,210.831716
4530.0,6466,345.502329
2030.0,3810,418.387085
3170.0,5186,533.751347
2430.0,3802,599.533117
2030.0,4554,682.660203
1290.0,3346,758.851227
1190.0,2850,806.462102
1290.0,2874,861.171397
1230.0,3730,926.782945
