#{"t_start": 1659446153.0229802, "env_id": "MsPacmanNoFrameskip-v4"}
r,l,t
1190.0,2842,51.673454
5330.0,6418,164.807194
4640.0,6498,306.622209
990.0,2722,353.785914
1310.0,3234,417.063584
2100.0,4306,514.568348
1400.0,3850,587.474433
1710.0,2970,635.498643
1170.0,2882,690.261177
1790.0,4786,786.96412
1330.0,2658,833.73218
1410.0,3714,906.200301
1350.0,2898,954.316458
